{
    "nikhil": {
        "phrase": "biometric verification",
        "means": [
            4.7400000000139695,
            4.119999999995343,
            5.040000000083819,
            2.9799999999580904,
            3.7199999999720603,
            4.2999999999534335,
            4.020000000065193,
            5.14000000001397,
            5.01999999997206,
            4.960000000009313,
            3.5199999999953433,
            3.7,
            4.099999999930151,
            3.040000000037253,
            3.080000000074506,
            4.979999999958091,
            5.399999999976717,
            3.460000000032596,
            4.84000000001397,
            3.5799999999813736,
            4.2,
            4.18000000002794,
            5.919999999995343,
            4.039999999967404,
            4.379999999981374,
            3.5000000000465663,
            4.54000000001397,
            5.2400000000139695,
            4.199999999953434,
            7.720000000018627,
            5.619999999995343,
            6.3600000000325965,
            4.499999999976717,
            5.480000000051223,
            4.3,
            4.779999999934807,
            4.4,
            5.380000000051223,
            5.239999999967404,
            4.639999999990687,
            4.9199999999720605,
            5.500000000023283,
            4.819999999995344
        ],
        "stds": [
            1.7213366898737361,
            0.9782637680707112,
            1.8091434437542342,
            0.34928498395512364,
            1.0848963083573055,
            1.9131126469620756,
            1.1410521460125767,
            2.281008548857067,
            1.9266551326101509,
            1.5533834039802008,
            1.0183319694681976,
            1.0908712114336905,
            1.6673332000386443,
            0.9607288899682146,
            1.0207840124751157,
            2.178761115900972,
            1.378404875259696,
            1.2481987020995227,
            1.9819182626692702,
            0.8584870412162343,
            1.9352002481001287,
            1.1432410069292314,
            3.1586389473820433,
            0.7436396977311504,
            2.7644167558900863,
            1.5215124053704447,
            1.161034021910438,
            1.1717508267470114,
            0.8154753215285665,
            5.216991470152617,
            2.8769775807296774,
            2.8588459209888115,
            1.414213562420428,
            1.2676750372829817,
            2.304343724364624,
            2.407695994070202,
            0.9246621004629726,
            3.214342856655429,
            2.7208454568829787,
            1.026157882573228,
            1.8740330840218329,
            2.10237960414819,
            3.2767361809671427
        ],
        "numFeatures": 43
    }
}